"name","email","age"
"Johnnie Mayer","Ross.Reynolds21@hotmail.com","35"
"Myrtle Waters","Edmund_Funk@gmail.com","99"
"Flora Rodriguez I","Willie.Bogisich@gmail.com","84"
"Dr. Cecilia Konopelski-Lakin","Felicia75@gmail.com","87"
"Chelsea Boyle-Stoltenberg","Regina.Emard97@yahoo.com","83"
"Seth Mraz","Cecilia_Blanda89@gmail.com","24"
"Thelma Kris-Schinner","Johnnie.Jast93@hotmail.com","6"
"Thomas Hane","Dominic24@yahoo.com","93"
"Della Hickle","Leon_Rohan@hotmail.com","35"
"Kristi Durgan","Maria_Schmeler9@hotmail.com","70"
"Brad Sawayn","Tyler.Dach57@gmail.com","112"
"Isabel Crist Jr.","Cecilia_Braun54@yahoo.com","63"
"Allen Roob","Sandra.Heidenreich4@yahoo.com","40"
"Robin Wilkinson","Brent_Wilkinson2@hotmail.com","62"
"Martin Flatley","Gabriel23@hotmail.com","13"
"Delia Walker IV","Leticia_Schinner@yahoo.com","78"